GEO.id,GEO.id2,GEO.display-label,VD01
1400000US42101000100,42101000100,"Census Tract 1, Philadelphia County, Pennsylvania",2650
1400000US42101000200,42101000200,"Census Tract 2, Philadelphia County, Pennsylvania",1362
1400000US42101000300,42101000300,"Census Tract 3, Philadelphia County, Pennsylvania",2570
1400000US42101000400,42101000400,"Census Tract 4, Philadelphia County, Pennsylvania",4313
1400000US42101000500,42101000500,"Census Tract 5, Philadelphia County, Pennsylvania",1126
1400000US42101000600,42101000600,"Census Tract 6, Philadelphia County, Pennsylvania",1315
1400000US42101000700,42101000700,"Census Tract 7, Philadelphia County, Pennsylvania",2564
1400000US42101000800,42101000800,"Census Tract 8, Philadelphia County, Pennsylvania",8461
1400000US42101000900,42101000900,"Census Tract 9, Philadelphia County, Pennsylvania",4969
1400000US42101001000,42101001000,"Census Tract 10, Philadelphia County, Pennsylvania",5808
1400000US42101001100,42101001100,"Census Tract 11, Philadelphia County, Pennsylvania",5925
1400000US42101001200,42101001200,"Census Tract 12, Philadelphia County, Pennsylvania",8148
1400000US42101001300,42101001300,"Census Tract 13, Philadelphia County, Pennsylvania",4353
1400000US42101001400,42101001400,"Census Tract 14, Philadelphia County, Pennsylvania",3585
1400000US42101001500,42101001500,"Census Tract 15, Philadelphia County, Pennsylvania",2179
1400000US42101001600,42101001600,"Census Tract 16, Philadelphia County, Pennsylvania",1981
1400000US42101001700,42101001700,"Census Tract 17, Philadelphia County, Pennsylvania",2415
1400000US42101001800,42101001800,"Census Tract 18, Philadelphia County, Pennsylvania",2398
1400000US42101001900,42101001900,"Census Tract 19, Philadelphia County, Pennsylvania",2686
1400000US42101002000,42101002000,"Census Tract 20, Philadelphia County, Pennsylvania",2334
1400000US42101002100,42101002100,"Census Tract 21, Philadelphia County, Pennsylvania",2340
1400000US42101002200,42101002200,"Census Tract 22, Philadelphia County, Pennsylvania",2182
1400000US42101002300,42101002300,"Census Tract 23, Philadelphia County, Pennsylvania",2480
1400000US42101002400,42101002400,"Census Tract 24, Philadelphia County, Pennsylvania",4426
1400000US42101002500,42101002500,"Census Tract 25, Philadelphia County, Pennsylvania",3149
1400000US42101002600,42101002600,"Census Tract 26, Philadelphia County, Pennsylvania",0
1400000US42101002700,42101002700,"Census Tract 27, Philadelphia County, Pennsylvania",7658
1400000US42101002800,42101002800,"Census Tract 28, Philadelphia County, Pennsylvania",9255
1400000US42101002900,42101002900,"Census Tract 29, Philadelphia County, Pennsylvania",4050
1400000US42101003000,42101003000,"Census Tract 30, Philadelphia County, Pennsylvania",8160
1400000US42101003100,42101003100,"Census Tract 31, Philadelphia County, Pennsylvania",5161
1400000US42101003200,42101003200,"Census Tract 32, Philadelphia County, Pennsylvania",5587
1400000US42101003300,42101003300,"Census Tract 33, Philadelphia County, Pennsylvania",6235
1400000US42101003400,42101003400,"Census Tract 34, Philadelphia County, Pennsylvania",363
1400000US42101003500,42101003500,"Census Tract 35, Philadelphia County, Pennsylvania",126
1400000US42101003600,42101003600,"Census Tract 36, Philadelphia County, Pennsylvania",5724
1400000US42101003701,42101003701,"Census Tract 37.01, Philadelphia County, Pennsylvania",7061
1400000US42101003702,42101003702,"Census Tract 37.02, Philadelphia County, Pennsylvania",3372
1400000US42101003800,42101003800,"Census Tract 38, Philadelphia County, Pennsylvania",3851
1400000US42101003901,42101003901,"Census Tract 39.01, Philadelphia County, Pennsylvania",6192
1400000US42101003902,42101003902,"Census Tract 39.02, Philadelphia County, Pennsylvania",5630
1400000US42101004001,42101004001,"Census Tract 40.01, Philadelphia County, Pennsylvania",4036
1400000US42101004002,42101004002,"Census Tract 40.02, Philadelphia County, Pennsylvania",5024
1400000US42101004101,42101004101,"Census Tract 41.01, Philadelphia County, Pennsylvania",5737
1400000US42101004102,42101004102,"Census Tract 41.02, Philadelphia County, Pennsylvania",7316
1400000US42101004201,42101004201,"Census Tract 42.01, Philadelphia County, Pennsylvania",5449
1400000US42101004202,42101004202,"Census Tract 42.02, Philadelphia County, Pennsylvania",5053
1400000US42101004300,42101004300,"Census Tract 43, Philadelphia County, Pennsylvania",0
1400000US42101004400,42101004400,"Census Tract 44, Philadelphia County, Pennsylvania",1088
1400000US42101004500,42101004500,"Census Tract 45, Philadelphia County, Pennsylvania",3066
1400000US42101004600,42101004600,"Census Tract 46, Philadelphia County, Pennsylvania",185
1400000US42101004700,42101004700,"Census Tract 47, Philadelphia County, Pennsylvania",2561
1400000US42101004800,42101004800,"Census Tract 48, Philadelphia County, Pennsylvania",472
1400000US42101004900,42101004900,"Census Tract 49, Philadelphia County, Pennsylvania",0
1400000US42101005000,42101005000,"Census Tract 50, Philadelphia County, Pennsylvania",0
1400000US42101005100,42101005100,"Census Tract 51, Philadelphia County, Pennsylvania",611
1400000US42101005200,42101005200,"Census Tract 52, Philadelphia County, Pennsylvania",1
1400000US42101005400,42101005400,"Census Tract 54, Philadelphia County, Pennsylvania",1248
1400000US42101005500,42101005500,"Census Tract 55, Philadelphia County, Pennsylvania",5777
1400000US42101005600,42101005600,"Census Tract 56, Philadelphia County, Pennsylvania",1230
1400000US42101005700,42101005700,"Census Tract 57, Philadelphia County, Pennsylvania",0
1400000US42101005800,42101005800,"Census Tract 58, Philadelphia County, Pennsylvania",0
1400000US42101005900,42101005900,"Census Tract 59, Philadelphia County, Pennsylvania",0
1400000US42101006000,42101006000,"Census Tract 60, Philadelphia County, Pennsylvania",6127
1400000US42101006100,42101006100,"Census Tract 61, Philadelphia County, Pennsylvania",2957
1400000US42101006200,42101006200,"Census Tract 62, Philadelphia County, Pennsylvania",4127
1400000US42101006300,42101006300,"Census Tract 63, Philadelphia County, Pennsylvania",4546
1400000US42101006400,42101006400,"Census Tract 64, Philadelphia County, Pennsylvania",4658
1400000US42101006500,42101006500,"Census Tract 65, Philadelphia County, Pennsylvania",5231
1400000US42101006600,42101006600,"Census Tract 66, Philadelphia County, Pennsylvania",3979
1400000US42101006700,42101006700,"Census Tract 67, Philadelphia County, Pennsylvania",6991
1400000US42101006800,42101006800,"Census Tract 68, Philadelphia County, Pennsylvania",1
1400000US42101006900,42101006900,"Census Tract 69, Philadelphia County, Pennsylvania",2710
1400000US42101007000,42101007000,"Census Tract 70, Philadelphia County, Pennsylvania",4588
1400000US42101007100,42101007100,"Census Tract 71, Philadelphia County, Pennsylvania",8310
1400000US42101007200,42101007200,"Census Tract 72, Philadelphia County, Pennsylvania",5421
1400000US42101007300,42101007300,"Census Tract 73, Philadelphia County, Pennsylvania",3255
1400000US42101007400,42101007400,"Census Tract 74, Philadelphia County, Pennsylvania",4559
1400000US42101007500,42101007500,"Census Tract 75, Philadelphia County, Pennsylvania",0
1400000US42101007600,42101007600,"Census Tract 76, Philadelphia County, Pennsylvania",2419
1400000US42101007700,42101007700,"Census Tract 77, Philadelphia County, Pennsylvania",1850
1400000US42101007800,42101007800,"Census Tract 78, Philadelphia County, Pennsylvania",4690
1400000US42101007900,42101007900,"Census Tract 79, Philadelphia County, Pennsylvania",4777
1400000US42101008000,42101008000,"Census Tract 80, Philadelphia County, Pennsylvania",4481
1400000US42101008100,42101008100,"Census Tract 81, Philadelphia County, Pennsylvania",8288
1400000US42101008200,42101008200,"Census Tract 82, Philadelphia County, Pennsylvania",7297
1400000US42101008301,42101008301,"Census Tract 83.01, Philadelphia County, Pennsylvania",4420
1400000US42101008302,42101008302,"Census Tract 83.02, Philadelphia County, Pennsylvania",4535
1400000US42101008400,42101008400,"Census Tract 84, Philadelphia County, Pennsylvania",4798
1400000US42101008500,42101008500,"Census Tract 85, Philadelphia County, Pennsylvania",6539
1400000US42101008600,42101008600,"Census Tract 86, Philadelphia County, Pennsylvania",6224
1400000US42101008700,42101008700,"Census Tract 87, Philadelphia County, Pennsylvania",6733
1400000US42101008800,42101008800,"Census Tract 88, Philadelphia County, Pennsylvania",8307
1400000US42101008900,42101008900,"Census Tract 89, Philadelphia County, Pennsylvania",3226
1400000US42101009000,42101009000,"Census Tract 90, Philadelphia County, Pennsylvania",5452
1400000US42101009100,42101009100,"Census Tract 91, Philadelphia County, Pennsylvania",2812
1400000US42101009200,42101009200,"Census Tract 92, Philadelphia County, Pennsylvania",3075
1400000US42101009300,42101009300,"Census Tract 93, Philadelphia County, Pennsylvania",4609
1400000US42101009400,42101009400,"Census Tract 94, Philadelphia County, Pennsylvania",3871
1400000US42101009500,42101009500,"Census Tract 95, Philadelphia County, Pennsylvania",3588
1400000US42101009600,42101009600,"Census Tract 96, Philadelphia County, Pennsylvania",4504
1400000US42101009700,42101009700,"Census Tract 97, Philadelphia County, Pennsylvania",35
1400000US42101009800,42101009800,"Census Tract 98, Philadelphia County, Pennsylvania",7768
1400000US42101009900,42101009900,"Census Tract 99, Philadelphia County, Pennsylvania",381
1400000US42101010000,42101010000,"Census Tract 100, Philadelphia County, Pennsylvania",4218
1400000US42101010100,42101010100,"Census Tract 101, Philadelphia County, Pennsylvania",5841
1400000US42101010200,42101010200,"Census Tract 102, Philadelphia County, Pennsylvania",3208
1400000US42101010300,42101010300,"Census Tract 103, Philadelphia County, Pennsylvania",2588
1400000US42101010400,42101010400,"Census Tract 104, Philadelphia County, Pennsylvania",3498
1400000US42101010500,42101010500,"Census Tract 105, Philadelphia County, Pennsylvania",3503
1400000US42101010600,42101010600,"Census Tract 106, Philadelphia County, Pennsylvania",1565
1400000US42101010700,42101010700,"Census Tract 107, Philadelphia County, Pennsylvania",3671
1400000US42101010800,42101010800,"Census Tract 108, Philadelphia County, Pennsylvania",4273
1400000US42101010900,42101010900,"Census Tract 109, Philadelphia County, Pennsylvania",2553
1400000US42101011000,42101011000,"Census Tract 110, Philadelphia County, Pennsylvania",3817
1400000US42101011100,42101011100,"Census Tract 111, Philadelphia County, Pennsylvania",4204
1400000US42101011200,42101011200,"Census Tract 112, Philadelphia County, Pennsylvania",6107
1400000US42101011300,42101011300,"Census Tract 113, Philadelphia County, Pennsylvania",3132
1400000US42101011400,42101011400,"Census Tract 114, Philadelphia County, Pennsylvania",6612
1400000US42101011500,42101011500,"Census Tract 115, Philadelphia County, Pennsylvania",4274
1400000US42101011600,42101011600,"Census Tract 116, Philadelphia County, Pennsylvania",4033
1400000US42101011700,42101011700,"Census Tract 117, Philadelphia County, Pennsylvania",2738
1400000US42101011800,42101011800,"Census Tract 118, Philadelphia County, Pennsylvania",5987
1400000US42101011900,42101011900,"Census Tract 119, Philadelphia County, Pennsylvania",5596
1400000US42101012000,42101012000,"Census Tract 120, Philadelphia County, Pennsylvania",1661
1400000US42101012100,42101012100,"Census Tract 121, Philadelphia County, Pennsylvania",3340
1400000US42101012200,42101012200,"Census Tract 122, Philadelphia County, Pennsylvania",8016
1400000US42101012300,42101012300,"Census Tract 123, Philadelphia County, Pennsylvania",16
1400000US42101012400,42101012400,"Census Tract 124, Philadelphia County, Pennsylvania",0
1400000US42101012500,42101012500,"Census Tract 125, Philadelphia County, Pennsylvania",4352
1400000US42101012600,42101012600,"Census Tract 126, Philadelphia County, Pennsylvania",835
1400000US42101012700,42101012700,"Census Tract 127, Philadelphia County, Pennsylvania",727
1400000US42101012800,42101012800,"Census Tract 128, Philadelphia County, Pennsylvania",236
1400000US42101012900,42101012900,"Census Tract 129, Philadelphia County, Pennsylvania",553
1400000US42101013000,42101013000,"Census Tract 130, Philadelphia County, Pennsylvania",994
1400000US42101013100,42101013100,"Census Tract 131, Philadelphia County, Pennsylvania",1676
1400000US42101013200,42101013200,"Census Tract 132, Philadelphia County, Pennsylvania",2158
1400000US42101013300,42101013300,"Census Tract 133, Philadelphia County, Pennsylvania",2249
1400000US42101013400,42101013400,"Census Tract 134, Philadelphia County, Pennsylvania",5386
1400000US42101013500,42101013500,"Census Tract 135, Philadelphia County, Pennsylvania",3437
1400000US42101013600,42101013600,"Census Tract 136, Philadelphia County, Pennsylvania",5962
1400000US42101013700,42101013700,"Census Tract 137, Philadelphia County, Pennsylvania",5052
1400000US42101013800,42101013800,"Census Tract 138, Philadelphia County, Pennsylvania",2339
1400000US42101013900,42101013900,"Census Tract 139, Philadelphia County, Pennsylvania",2716
1400000US42101014000,42101014000,"Census Tract 140, Philadelphia County, Pennsylvania",3011
1400000US42101014100,42101014100,"Census Tract 141, Philadelphia County, Pennsylvania",2303
1400000US42101014200,42101014200,"Census Tract 142, Philadelphia County, Pennsylvania",2171
1400000US42101014300,42101014300,"Census Tract 143, Philadelphia County, Pennsylvania",1449
1400000US42101014400,42101014400,"Census Tract 144, Philadelphia County, Pennsylvania",3217
1400000US42101014500,42101014500,"Census Tract 145, Philadelphia County, Pennsylvania",1431
1400000US42101014600,42101014600,"Census Tract 146, Philadelphia County, Pennsylvania",3260
1400000US42101014700,42101014700,"Census Tract 147, Philadelphia County, Pennsylvania",2338
1400000US42101014800,42101014800,"Census Tract 148, Philadelphia County, Pennsylvania",742
1400000US42101014900,42101014900,"Census Tract 149, Philadelphia County, Pennsylvania",4634
1400000US42101015000,42101015000,"Census Tract 150, Philadelphia County, Pennsylvania",110
1400000US42101015100,42101015100,"Census Tract 151, Philadelphia County, Pennsylvania",8018
1400000US42101015200,42101015200,"Census Tract 152, Philadelphia County, Pennsylvania",5167
1400000US42101015300,42101015300,"Census Tract 153, Philadelphia County, Pennsylvania",3382
1400000US42101015400,42101015400,"Census Tract 154, Philadelphia County, Pennsylvania",2258
1400000US42101015500,42101015500,"Census Tract 155, Philadelphia County, Pennsylvania",2941
1400000US42101015600,42101015600,"Census Tract 156, Philadelphia County, Pennsylvania",1992
1400000US42101015700,42101015700,"Census Tract 157, Philadelphia County, Pennsylvania",2732
1400000US42101015800,42101015800,"Census Tract 158, Philadelphia County, Pennsylvania",5854
1400000US42101015900,42101015900,"Census Tract 159, Philadelphia County, Pennsylvania",1817
1400000US42101016000,42101016000,"Census Tract 160, Philadelphia County, Pennsylvania",7406
1400000US42101016100,42101016100,"Census Tract 161, Philadelphia County, Pennsylvania",5548
1400000US42101016200,42101016200,"Census Tract 162, Philadelphia County, Pennsylvania",2329
1400000US42101016300,42101016300,"Census Tract 163, Philadelphia County, Pennsylvania",3629
1400000US42101016400,42101016400,"Census Tract 164, Philadelphia County, Pennsylvania",5233
1400000US42101016500,42101016500,"Census Tract 165, Philadelphia County, Pennsylvania",2722
1400000US42101016600,42101016600,"Census Tract 166, Philadelphia County, Pennsylvania",1699
1400000US42101016700,42101016700,"Census Tract 167, Philadelphia County, Pennsylvania",6947
1400000US42101016800,42101016800,"Census Tract 168, Philadelphia County, Pennsylvania",4553
1400000US42101016901,42101016901,"Census Tract 169.01, Philadelphia County, Pennsylvania",3892
1400000US42101016902,42101016902,"Census Tract 169.02, Philadelphia County, Pennsylvania",6492
1400000US42101017000,42101017000,"Census Tract 170, Philadelphia County, Pennsylvania",2840
1400000US42101017100,42101017100,"Census Tract 171, Philadelphia County, Pennsylvania",4435
1400000US42101017200,42101017200,"Census Tract 172, Philadelphia County, Pennsylvania",8643
1400000US42101017300,42101017300,"Census Tract 173, Philadelphia County, Pennsylvania",3152
1400000US42101017400,42101017400,"Census Tract 174, Philadelphia County, Pennsylvania",2641
1400000US42101017500,42101017500,"Census Tract 175, Philadelphia County, Pennsylvania",7452
1400000US42101017601,42101017601,"Census Tract 176.01, Philadelphia County, Pennsylvania",5863
1400000US42101017602,42101017602,"Census Tract 176.02, Philadelphia County, Pennsylvania",3867
1400000US42101017700,42101017700,"Census Tract 177, Philadelphia County, Pennsylvania",9159
1400000US42101017800,42101017800,"Census Tract 178, Philadelphia County, Pennsylvania",6340
1400000US42101017900,42101017900,"Census Tract 179, Philadelphia County, Pennsylvania",6050
1400000US42101018000,42101018000,"Census Tract 180, Philadelphia County, Pennsylvania",8005
1400000US42101018100,42101018100,"Census Tract 181, Philadelphia County, Pennsylvania",215
1400000US42101018200,42101018200,"Census Tract 182, Philadelphia County, Pennsylvania",393
1400000US42101018300,42101018300,"Census Tract 183, Philadelphia County, Pennsylvania",4008
1400000US42101018400,42101018400,"Census Tract 184, Philadelphia County, Pennsylvania",2178
1400000US42101018500,42101018500,"Census Tract 185, Philadelphia County, Pennsylvania",123
1400000US42101018600,42101018600,"Census Tract 186, Philadelphia County, Pennsylvania",4892
1400000US42101018700,42101018700,"Census Tract 187, Philadelphia County, Pennsylvania",1576
1400000US42101018800,42101018800,"Census Tract 188, Philadelphia County, Pennsylvania",7257
1400000US42101018900,42101018900,"Census Tract 189, Philadelphia County, Pennsylvania",1003
1400000US42101019000,42101019000,"Census Tract 190, Philadelphia County, Pennsylvania",6869
1400000US42101019100,42101019100,"Census Tract 191, Philadelphia County, Pennsylvania",6662
1400000US42101019200,42101019200,"Census Tract 192, Philadelphia County, Pennsylvania",7519
1400000US42101019300,42101019300,"Census Tract 193, Philadelphia County, Pennsylvania",111
1400000US42101019400,42101019400,"Census Tract 194, Philadelphia County, Pennsylvania",340
1400000US42101019500,42101019500,"Census Tract 195, Philadelphia County, Pennsylvania",8642
1400000US42101019600,42101019600,"Census Tract 196, Philadelphia County, Pennsylvania",2677
1400000US42101019700,42101019700,"Census Tract 197, Philadelphia County, Pennsylvania",7139
1400000US42101019800,42101019800,"Census Tract 198, Philadelphia County, Pennsylvania",6239
1400000US42101019900,42101019900,"Census Tract 199, Philadelphia County, Pennsylvania",4897
1400000US42101020000,42101020000,"Census Tract 200, Philadelphia County, Pennsylvania",1861
1400000US42101020100,42101020100,"Census Tract 201, Philadelphia County, Pennsylvania",7732
1400000US42101020200,42101020200,"Census Tract 202, Philadelphia County, Pennsylvania",5666
1400000US42101020300,42101020300,"Census Tract 203, Philadelphia County, Pennsylvania",3140
1400000US42101020400,42101020400,"Census Tract 204, Philadelphia County, Pennsylvania",3398
1400000US42101020500,42101020500,"Census Tract 205, Philadelphia County, Pennsylvania",3139
1400000US42101020600,42101020600,"Census Tract 206, Philadelphia County, Pennsylvania",1815
1400000US42101020700,42101020700,"Census Tract 207, Philadelphia County, Pennsylvania",6378
1400000US42101020800,42101020800,"Census Tract 208, Philadelphia County, Pennsylvania",1906
1400000US42101020900,42101020900,"Census Tract 209, Philadelphia County, Pennsylvania",2835
1400000US42101021000,42101021000,"Census Tract 210, Philadelphia County, Pennsylvania",4994
1400000US42101021100,42101021100,"Census Tract 211, Philadelphia County, Pennsylvania",2587
1400000US42101021200,42101021200,"Census Tract 212, Philadelphia County, Pennsylvania",2401
1400000US42101021300,42101021300,"Census Tract 213, Philadelphia County, Pennsylvania",3676
1400000US42101021400,42101021400,"Census Tract 214, Philadelphia County, Pennsylvania",3970
1400000US42101021500,42101021500,"Census Tract 215, Philadelphia County, Pennsylvania",3541
1400000US42101021600,42101021600,"Census Tract 216, Philadelphia County, Pennsylvania",1780
1400000US42101021700,42101021700,"Census Tract 217, Philadelphia County, Pennsylvania",5968
1400000US42101021800,42101021800,"Census Tract 218, Philadelphia County, Pennsylvania",4490
1400000US42101021900,42101021900,"Census Tract 219, Philadelphia County, Pennsylvania",1169
1400000US42101022000,42101022000,"Census Tract 220, Philadelphia County, Pennsylvania",1603
1400000US42101022100,42101022100,"Census Tract 221, Philadelphia County, Pennsylvania",1108
1400000US42101022200,42101022200,"Census Tract 222, Philadelphia County, Pennsylvania",1446
1400000US42101022300,42101022300,"Census Tract 223, Philadelphia County, Pennsylvania",202
1400000US42101022400,42101022400,"Census Tract 224, Philadelphia County, Pennsylvania",384
1400000US42101022500,42101022500,"Census Tract 225, Philadelphia County, Pennsylvania",571
1400000US42101022600,42101022600,"Census Tract 226, Philadelphia County, Pennsylvania",475
1400000US42101022700,42101022700,"Census Tract 227, Philadelphia County, Pennsylvania",1231
1400000US42101022800,42101022800,"Census Tract 228, Philadelphia County, Pennsylvania",1520
1400000US42101022900,42101022900,"Census Tract 229, Philadelphia County, Pennsylvania",301
1400000US42101023000,42101023000,"Census Tract 230, Philadelphia County, Pennsylvania",438
1400000US42101023100,42101023100,"Census Tract 231, Philadelphia County, Pennsylvania",1242
1400000US42101023200,42101023200,"Census Tract 232, Philadelphia County, Pennsylvania",649
1400000US42101023300,42101023300,"Census Tract 233, Philadelphia County, Pennsylvania",3097
1400000US42101023400,42101023400,"Census Tract 234, Philadelphia County, Pennsylvania",547
1400000US42101023500,42101023500,"Census Tract 235, Philadelphia County, Pennsylvania",1141
1400000US42101023600,42101023600,"Census Tract 236, Philadelphia County, Pennsylvania",2659
1400000US42101023700,42101023700,"Census Tract 237, Philadelphia County, Pennsylvania",5123
1400000US42101023800,42101023800,"Census Tract 238, Philadelphia County, Pennsylvania",4896
1400000US42101023900,42101023900,"Census Tract 239, Philadelphia County, Pennsylvania",2015
1400000US42101024000,42101024000,"Census Tract 240, Philadelphia County, Pennsylvania",4208
1400000US42101024100,42101024100,"Census Tract 241, Philadelphia County, Pennsylvania",1436
1400000US42101024200,42101024200,"Census Tract 242, Philadelphia County, Pennsylvania",4172
1400000US42101024300,42101024300,"Census Tract 243, Philadelphia County, Pennsylvania",4016
1400000US42101024400,42101024400,"Census Tract 244, Philadelphia County, Pennsylvania",3491
1400000US42101024500,42101024500,"Census Tract 245, Philadelphia County, Pennsylvania",4510
1400000US42101024600,42101024600,"Census Tract 246, Philadelphia County, Pennsylvania",2883
1400000US42101024700,42101024700,"Census Tract 247, Philadelphia County, Pennsylvania",4866
1400000US42101024800,42101024800,"Census Tract 248, Philadelphia County, Pennsylvania",2137
1400000US42101024900,42101024900,"Census Tract 249, Philadelphia County, Pennsylvania",3619
1400000US42101025000,42101025000,"Census Tract 250, Philadelphia County, Pennsylvania",1120
1400000US42101025100,42101025100,"Census Tract 251, Philadelphia County, Pennsylvania",2133
1400000US42101025200,42101025200,"Census Tract 252, Philadelphia County, Pennsylvania",7327
1400000US42101025300,42101025300,"Census Tract 253, Philadelphia County, Pennsylvania",4284
1400000US42101025400,42101025400,"Census Tract 254, Philadelphia County, Pennsylvania",4303
1400000US42101025500,42101025500,"Census Tract 255, Philadelphia County, Pennsylvania",2762
1400000US42101025600,42101025600,"Census Tract 256, Philadelphia County, Pennsylvania",2975
1400000US42101025700,42101025700,"Census Tract 257, Philadelphia County, Pennsylvania",3320
1400000US42101025800,42101025800,"Census Tract 258, Philadelphia County, Pennsylvania",1707
1400000US42101025900,42101025900,"Census Tract 259, Philadelphia County, Pennsylvania",5174
1400000US42101026000,42101026000,"Census Tract 260, Philadelphia County, Pennsylvania",3050
1400000US42101026100,42101026100,"Census Tract 261, Philadelphia County, Pennsylvania",3237
1400000US42101026200,42101026200,"Census Tract 262, Philadelphia County, Pennsylvania",4564
1400000US42101026301,42101026301,"Census Tract 263.01, Philadelphia County, Pennsylvania",4313
1400000US42101026302,42101026302,"Census Tract 263.02, Philadelphia County, Pennsylvania",5754
1400000US42101026400,42101026400,"Census Tract 264, Philadelphia County, Pennsylvania",5943
1400000US42101026500,42101026500,"Census Tract 265, Philadelphia County, Pennsylvania",4823
1400000US42101026600,42101026600,"Census Tract 266, Philadelphia County, Pennsylvania",6975
1400000US42101026700,42101026700,"Census Tract 267, Philadelphia County, Pennsylvania",7068
1400000US42101026800,42101026800,"Census Tract 268, Philadelphia County, Pennsylvania",4698
1400000US42101026900,42101026900,"Census Tract 269, Philadelphia County, Pennsylvania",2359
1400000US42101027000,42101027000,"Census Tract 270, Philadelphia County, Pennsylvania",2452
1400000US42101027100,42101027100,"Census Tract 271, Philadelphia County, Pennsylvania",2438
1400000US42101027200,42101027200,"Census Tract 272, Philadelphia County, Pennsylvania",4567
1400000US42101027300,42101027300,"Census Tract 273, Philadelphia County, Pennsylvania",6000
1400000US42101027400,42101027400,"Census Tract 274, Philadelphia County, Pennsylvania",10479
1400000US42101027500,42101027500,"Census Tract 275, Philadelphia County, Pennsylvania",4823
1400000US42101027600,42101027600,"Census Tract 276, Philadelphia County, Pennsylvania",3932
1400000US42101027700,42101027700,"Census Tract 277, Philadelphia County, Pennsylvania",5102
1400000US42101027800,42101027800,"Census Tract 278, Philadelphia County, Pennsylvania",4867
1400000US42101027900,42101027900,"Census Tract 279, Philadelphia County, Pennsylvania",8350
1400000US42101028000,42101028000,"Census Tract 280, Philadelphia County, Pennsylvania",4819
1400000US42101028100,42101028100,"Census Tract 281, Philadelphia County, Pennsylvania",4012
1400000US42101028200,42101028200,"Census Tract 282, Philadelphia County, Pennsylvania",5448
1400000US42101028300,42101028300,"Census Tract 283, Philadelphia County, Pennsylvania",7270
1400000US42101028400,42101028400,"Census Tract 284, Philadelphia County, Pennsylvania",4409
1400000US42101028500,42101028500,"Census Tract 285, Philadelphia County, Pennsylvania",2373
1400000US42101028600,42101028600,"Census Tract 286, Philadelphia County, Pennsylvania",7337
1400000US42101028700,42101028700,"Census Tract 287, Philadelphia County, Pennsylvania",2489
1400000US42101028800,42101028800,"Census Tract 288, Philadelphia County, Pennsylvania",4373
1400000US42101028900,42101028900,"Census Tract 289, Philadelphia County, Pennsylvania",10116
1400000US42101029000,42101029000,"Census Tract 290, Philadelphia County, Pennsylvania",6217
1400000US42101029100,42101029100,"Census Tract 291, Philadelphia County, Pennsylvania",4371
1400000US42101029200,42101029200,"Census Tract 292, Philadelphia County, Pennsylvania",4295
1400000US42101029300,42101029300,"Census Tract 293, Philadelphia County, Pennsylvania",3005
1400000US42101029400,42101029400,"Census Tract 294, Philadelphia County, Pennsylvania",3125
1400000US42101029500,42101029500,"Census Tract 295, Philadelphia County, Pennsylvania",1031
1400000US42101029600,42101029600,"Census Tract 296, Philadelphia County, Pennsylvania",1176
1400000US42101029700,42101029700,"Census Tract 297, Philadelphia County, Pennsylvania",437
1400000US42101029800,42101029800,"Census Tract 298, Philadelphia County, Pennsylvania",4395
1400000US42101029900,42101029900,"Census Tract 299, Philadelphia County, Pennsylvania",4448
1400000US42101030000,42101030000,"Census Tract 300, Philadelphia County, Pennsylvania",7150
1400000US42101030100,42101030100,"Census Tract 301, Philadelphia County, Pennsylvania",6050
1400000US42101030200,42101030200,"Census Tract 302, Philadelphia County, Pennsylvania",6694
1400000US42101030300,42101030300,"Census Tract 303, Philadelphia County, Pennsylvania",6887
1400000US42101030400,42101030400,"Census Tract 304, Philadelphia County, Pennsylvania",495
1400000US42101030500,42101030500,"Census Tract 305, Philadelphia County, Pennsylvania",10172
1400000US42101030600,42101030600,"Census Tract 306, Philadelphia County, Pennsylvania",6911
1400000US42101030700,42101030700,"Census Tract 307, Philadelphia County, Pennsylvania",3114
1400000US42101030800,42101030800,"Census Tract 308, Philadelphia County, Pennsylvania",4440
1400000US42101030900,42101030900,"Census Tract 309, Philadelphia County, Pennsylvania",3529
1400000US42101031000,42101031000,"Census Tract 310, Philadelphia County, Pennsylvania",5888
1400000US42101031100,42101031100,"Census Tract 311, Philadelphia County, Pennsylvania",8395
1400000US42101031200,42101031200,"Census Tract 312, Philadelphia County, Pennsylvania",4171
1400000US42101031300,42101031300,"Census Tract 313, Philadelphia County, Pennsylvania",5866
1400000US42101031400,42101031400,"Census Tract 314, Philadelphia County, Pennsylvania",10298
1400000US42101031500,42101031500,"Census Tract 315, Philadelphia County, Pennsylvania",9455
1400000US42101031600,42101031600,"Census Tract 316, Philadelphia County, Pennsylvania",5452
1400000US42101031700,42101031700,"Census Tract 317, Philadelphia County, Pennsylvania",5470
1400000US42101031800,42101031800,"Census Tract 318, Philadelphia County, Pennsylvania",3512
1400000US42101031900,42101031900,"Census Tract 319, Philadelphia County, Pennsylvania",4618
1400000US42101032000,42101032000,"Census Tract 320, Philadelphia County, Pennsylvania",6199
1400000US42101032100,42101032100,"Census Tract 321, Philadelphia County, Pennsylvania",3741
1400000US42101032200,42101032200,"Census Tract 322, Philadelphia County, Pennsylvania",197
1400000US42101032300,42101032300,"Census Tract 323, Philadelphia County, Pennsylvania",3596
1400000US42101032400,42101032400,"Census Tract 324, Philadelphia County, Pennsylvania",18
1400000US42101032500,42101032500,"Census Tract 325, Philadelphia County, Pennsylvania",5285
1400000US42101032600,42101032600,"Census Tract 326, Philadelphia County, Pennsylvania",6561
1400000US42101032700,42101032700,"Census Tract 327, Philadelphia County, Pennsylvania",494
1400000US42101032800,42101032800,"Census Tract 328, Philadelphia County, Pennsylvania",6206
1400000US42101032900,42101032900,"Census Tract 329, Philadelphia County, Pennsylvania",4073
1400000US42101033000,42101033000,"Census Tract 330, Philadelphia County, Pennsylvania",7169
1400000US42101033100,42101033100,"Census Tract 331, Philadelphia County, Pennsylvania",8896
1400000US42101033200,42101033200,"Census Tract 332, Philadelphia County, Pennsylvania",2542
1400000US42101033300,42101033300,"Census Tract 333, Philadelphia County, Pennsylvania",4272
1400000US42101033400,42101033400,"Census Tract 334, Philadelphia County, Pennsylvania",4795
1400000US42101033500,42101033500,"Census Tract 335, Philadelphia County, Pennsylvania",3453
1400000US42101033600,42101033600,"Census Tract 336, Philadelphia County, Pennsylvania",6364
1400000US42101033700,42101033700,"Census Tract 337, Philadelphia County, Pennsylvania",9328
1400000US42101033800,42101033800,"Census Tract 338, Philadelphia County, Pennsylvania",5981
1400000US42101033900,42101033900,"Census Tract 339, Philadelphia County, Pennsylvania",2749
1400000US42101034000,42101034000,"Census Tract 340, Philadelphia County, Pennsylvania",2495
1400000US42101034100,42101034100,"Census Tract 341, Philadelphia County, Pennsylvania",5627
1400000US42101034200,42101034200,"Census Tract 342, Philadelphia County, Pennsylvania",3180
1400000US42101034300,42101034300,"Census Tract 343, Philadelphia County, Pennsylvania",195
1400000US42101034400,42101034400,"Census Tract 344, Philadelphia County, Pennsylvania",7291
1400000US42101034500,42101034500,"Census Tract 345, Philadelphia County, Pennsylvania",8440
1400000US42101034600,42101034600,"Census Tract 346, Philadelphia County, Pennsylvania",1871
1400000US42101034701,42101034701,"Census Tract 347.01, Philadelphia County, Pennsylvania",6083
1400000US42101034702,42101034702,"Census Tract 347.02, Philadelphia County, Pennsylvania",4052
1400000US42101034801,42101034801,"Census Tract 348.01, Philadelphia County, Pennsylvania",4286
1400000US42101034802,42101034802,"Census Tract 348.02, Philadelphia County, Pennsylvania",5458
1400000US42101034803,42101034803,"Census Tract 348.03, Philadelphia County, Pennsylvania",4495
1400000US42101034900,42101034900,"Census Tract 349, Philadelphia County, Pennsylvania",6589
1400000US42101035100,42101035100,"Census Tract 351, Philadelphia County, Pennsylvania",4637
1400000US42101035200,42101035200,"Census Tract 352, Philadelphia County, Pennsylvania",4370
1400000US42101035301,42101035301,"Census Tract 353.01, Philadelphia County, Pennsylvania",5495
1400000US42101035302,42101035302,"Census Tract 353.02, Philadelphia County, Pennsylvania",4479
1400000US42101035400,42101035400,"Census Tract 354, Philadelphia County, Pennsylvania",8
1400000US42101035500,42101035500,"Census Tract 355, Philadelphia County, Pennsylvania",6793
1400000US42101035600,42101035600,"Census Tract 356, Philadelphia County, Pennsylvania",8789
1400000US42101035700,42101035700,"Census Tract 357, Philadelphia County, Pennsylvania",9027
1400000US42101035800,42101035800,"Census Tract 358, Philadelphia County, Pennsylvania",5951
1400000US42101035900,42101035900,"Census Tract 359, Philadelphia County, Pennsylvania",5453
1400000US42101036000,42101036000,"Census Tract 360, Philadelphia County, Pennsylvania",2947
1400000US42101036100,42101036100,"Census Tract 361, Philadelphia County, Pennsylvania",3976
1400000US42101036201,42101036201,"Census Tract 362.01, Philadelphia County, Pennsylvania",5063
1400000US42101036202,42101036202,"Census Tract 362.02, Philadelphia County, Pennsylvania",6334
1400000US42101036203,42101036203,"Census Tract 362.03, Philadelphia County, Pennsylvania",5279
1400000US42101036301,42101036301,"Census Tract 363.01, Philadelphia County, Pennsylvania",3866
1400000US42101036302,42101036302,"Census Tract 363.02, Philadelphia County, Pennsylvania",3789
1400000US42101036303,42101036303,"Census Tract 363.03, Philadelphia County, Pennsylvania",7123
1400000US42101036400,42101036400,"Census Tract 364, Philadelphia County, Pennsylvania",304
1400000US42101036500,42101036500,"Census Tract 365, Philadelphia County, Pennsylvania",9474
1400000US42101036600,42101036600,"Census Tract 366, Philadelphia County, Pennsylvania",644
